BHM,,,,,,,,,
Date ,Job Tiltes ,Address ,Price ,VAT,Total,Status ,Fitter ,Truck,driver
12/19/2024,front back,24 molesworth avenue cv3 1bu,,,0,removed,jarman,18 tan,jassa
12/19/2024,front back,735 warwick rd b11 2ha,,,0,removed,jarman,18 tan,jassa
12/19/2024,front back,97 white rd b67 7pq,,,0,removed,jarman,18 tan,jassa
12/24/2024,front back,217 churchill rd b9 5nx,,,0,removed,jarman,18 tan,jassa
1/13/2025,front back L,737 warwick rd tyseley b11 2ha,800,,0,removed,jarman,18 tan,jassa
1/13/2025,front back u double base,18 weatheroak rd b11 4re,950,,0,removed,jarman,18 tan,jassa
1/13/2025,front back L,24 brandon rd b28 8dx,800,,0,removed,jarman,18 tan,jassa
,,,,,0,,,,
,,,,,0,,,,
,,,,,0,,,,
5/27/2025,front back l double,128 village rd b6 6rd,1100,,0,removed,jandu,new,karan
5/27/2025,u shape,10 flavells lane b25 8sg,1000,,0,removed,jandu,new,karan
5/27/2025,u shape double base,98 burney lane ward end b8 2ar,1200,,0,done,jandu,new,karan
06/12/2025,u shape double base,95 white rd b67 7pq,1200,,0,removed,jandu,new,karan
06/12/2025,fronr back l double base,28 somerville rd b10 9el,1100,,0,done,jandu,new,karan
6/14/2025,fronr back l double base,52 medicott road b11 1py ,1100,,0,removed,jarman,26-Jan-00,jassa
6/14/2025,u shape,532 fox hollies rd b28 8rw,1000,,0,removed,jarman,26-Jan-00,jassa
6/17/2025,front back l double,66 baptist end rd dy2 9dj,1000,,0,removed,jandu,,
6/17/2025,front back,71 erdington hall rd b24 8jn,800,,0,done,jandu,,
6/23/2025,front back l double,49 thornbury rd b20 3de ,1100,,0,done,jarman,,
6/23/2025,u shape,324 dyas rd b44 8td,1000,,0,removed,jarman,,
6/23/2025,front back l double,47 farnham rd b21 8eq,1100,,0,removed,jarman,,
6/25/2025,front back l double,99 waterloo street de14 2nd,1100,,0,removed,jandu,,
6/25/2025,big jojb u shape back l,144 dale street ws1 4ax,1600,,0,removed,jandu,,
,,,,,0,,,,
,,0K,,,0,,,,
07/09/2025,u shape double base,72 rectory park road b26 3lh,1200,,0,done,jandu,,
07/09/2025,u shape back l,212 malmesbury road b10 0jj,1600,,0,done,jandu,,
07/09/2025,front double back,19 giles rd oldbury,900,,0,removed,jandu,,
07/11/2025,u shape,7 hugh road smethwick b67 7ju,1000,,0,done,jandu,,
7/16/2025,front back l double,25 deykin ave witton b6 7be,1100,,0,done,karan,,
7/16/2025,u shape double base,134 highfield road b28 0hu,1200,,0,removed,karan,,
7/17/2025,front back,50 hartlepool road cv1 5ja,900,,0,done,jandu,,
7/22/2025,u shape double base,71 circuler rd b27 7db,1200,,0,removed,karan,,
7/22/2025,front back l double,57 lilly road b26 1te,1100,,0,removed,karan,,
7/22/2025,front back double,9 way ave b12 8rg,1000,,0,done,karan,,
7/25/2025,front back,8 treaford ln b8 2ug,800,,0,done,karan,,
7/25/2025,front back double,3 the elms marroway  b16 0az,1000,,0,done,karan,,
7/29/2025,front back l double,117 formans rd b11 3ax,1100,,0,done,jandu,,
7/31/2025,l  l  shape,18 hutton road handworth b20 3rb,1400,,0,done,dhindsa,,
7/31/2025,front back l double,64 kentish rd b21 0ax,1100,,0,removed,dhindsa,,
08/01/2025,front back l double,40 bennetts rd saltley b8 1qh,1100,,0,done,dhindsa,,
08/02/2025,front back l double,80 clarence rd de23 6lq,1100,,0,done,jandu,,
08/02/2025,front back double,27 leicester st wv6 0pr,1000,,0,removed,jandu,,
08/11/2025,front back l,136 anglesey road de14 3nt,1100,,0,removed,dhindsa,,
8/13/2025,u shape back l,63 cope st bloxwich walsall,1600,,0,done,jandu,,
8/14/2025,u shape double base,41 blake ln b9 5qt,1200,,0,done,jandu,,
8/14/2025,u shape double base,43 blake ln b9 5qt,1200,,0,done,jandu,,
8/19/2025,u shape back l,1 rosary villas b11 1ul,1600,,0,done,,,
8/22/2025,front back l double,82 haddon st de23 6nq,1100,,0,done,,,
8/29/2025,u shape double base,33 malmesbury rd b10 0jg,1200,,0,done,,,
08/02/2025,u shape double gavel,32 gervase dr dy1 4at,1300,,0,done,,,
08/02/2025,front back l double,149 w bromwich rd ws1 3hp,1100,,0,done,,,
08/02/2025,front back l double,122 kentish rd b21 0ba,1100,,0,done,,,
08/03/2025,front back,88 greenwood ave b27 7rd,900,,0,done,,,
08/03/2025,front back l double,60 wattville road b21 0dr,1100,,0,removed,,,
09/10/2025,front back l double,35 gordon st de14 2hz,1100,,0,done,,,
10/13/2025,front back l double,98 victoria st de14 2ls,1100,,0,done,dhindsa,,
10/13/2025,u shape back l,111 oldknow road b10 0ja,1600,,0,done,dhindsa,,
